{"ball_transformations": null, "playground_transformations": [{"bgr_b": -0.030136614288123836, "bgr_r": -1.4392479828426152, "ycrcb_cr": -2.8919738470026393, "lab_b": 6.1744384827974805, "lab_l": -5.477800735661664, "ycrcb_cn": 10.432864890205321, "hsv_s": -27.788293437113907, "ycrcb_y": 3.746206914394655, "lab_a": 3.711117061547853, "hsv_h": -0.2288307876002465, "bgr_g": 2.4290957129917747, "hsv_v": 0.13519339329640045}]}