{"playground_transformations": [{"hsv_s": -0.3918278373857453, "hsv_h": -0.6326851797904974, "lab_a": 0.1334512444098726, "bgr_r": -0.41857230247046495, "hsv_v": 0.6987368348235351, "lab_l": 0.04671120623755118, "lab_b": -0.9853658152626501, "ycrcb_cn": 0.370073013374261, "ycrcb_cr": -0.2118846189448705, "bgr_g": -0.0704603540190698, "ycrcb_y": -0.10937503814574595, "bgr_b": 0.5813879950257972}], "ball_transformations": null}