{"playground_transformations": [{"bgr_g": 0.3384255784140405, "lab_l": 0.4246840848282034, "ycrcb_cr": 0.3639220697302162, "bgr_r": -0.060473630286637964, "lab_b": -1.5428999835692787, "hsv_s": -0.39565437890618, "lab_a": 0.128281968569768, "ycrcb_y": 0.4903904181545865, "ycrcb_cn": 0.2162388837336749, "bgr_b": -0.6155189680535998, "hsv_v": 0.33561390898938337}], "ball_transformations": null}